INSERT IGNORE INTO roles (id, nombre) VALUES
(1, 'ROLE_ADMIN'),
(2, 'ROLE_GESTOR'),
(3, 'ROLE_USER');

INSERT IGNORE INTO usuarios (id, email, username, password, nombre, apellidos, fecha_nacimiento, telefono, estado_cuenta) VALUES
(1, 'admin@gymsolucar.com', 'admin', '$2a$12$UJP./LcYc9DG7ODbIt2upebb5CqZbXrY2pPHYxe39ND/pOjb0tL/G', 'Admin', 'User', '1990-01-01', '123456789', TRUE),
(2, 'gestor@gymsolucar.com', 'gestor', '$2a$12$UJP./LcYc9DG7ODbIt2upebb5CqZbXrY2pPHYxe39ND/pOjb0tL/G', 'Gestor', 'User', '1990-01-01', '987654321', TRUE),
(3, 'user@gymsolucar.com', 'user', '$2a$12$UJP./LcYc9DG7ODbIt2upebb5CqZbXrY2pPHYxe39ND/pOjb0tL/G', 'Regular', 'User', '1995-01-01', '555555555', TRUE),
(4, 'user2@gymsolucar.com', 'user2', '$2a$12$UJP./LcYc9DG7ODbIt2upebb5CqZbXrY2pPHYxe39ND/pOjb0tL/G', 'User', 'Dos', NULL, NULL, TRUE),
(5, 'user3@gymsolucar.com', 'user3', '$2a$12$UJP./LcYc9DG7ODbIt2upebb5CqZbXrY2pPHYxe39ND/pOjb0tL/G', 'User', 'Tres', '1992-03-15', '666111222', TRUE),
(6, 'user4@gymsolucar.com', 'user4', '$2a$12$UJP./LcYc9DG7ODbIt2upebb5CqZbXrY2pPHYxe39ND/pOjb0tL/G', 'User', 'Cuatro', '1988-07-20', '666333444', TRUE),
(7, 'user5@gymsolucar.com', 'user5', '$2a$12$UJP./LcYc9DG7ODbIt2upebb5CqZbXrY2pPHYxe39ND/pOjb0tL/G', 'User', 'Cinco', '1990-11-05', '666555666', TRUE),
(8, 'user6@gymsolucar.com', 'user6', '$2a$12$UJP./LcYc9DG7ODbIt2upebb5CqZbXrY2pPHYxe39ND/pOjb0tL/G', 'User', 'Seis', '1993-02-10', '666777888', TRUE),
(9, 'user7@gymsolucar.com', 'user7', '$2a$12$UJP./LcYc9DG7ODbIt2upebb5CqZbXrY2pPHYxe39ND/pOjb0tL/G', 'User', 'Siete', '1991-06-25', '666999000', TRUE),
(10, 'user8@gymsolucar.com', 'user8', '$2a$12$UJP./LcYc9DG7ODbIt2upebb5CqZbXrY2pPHYxe39ND/pOjb0tL/G', 'User', 'Ocho', '1989-09-12', '666222333', TRUE),
(11, 'user9@gymsolucar.com', 'user9', '$2a$12$UJP./LcYc9DG7ODbIt2upebb5CqZbXrY2pPHYxe39ND/pOjb0tL/G', 'User', 'Nueve', '1994-04-30', '666444555', TRUE),
(12, 'user10@gymsolucar.com', 'user10', '$2a$12$UJP./LcYc9DG7ODbIt2upebb5CqZbXrY2pPHYxe39ND/pOjb0tL/G', 'User', 'Diez', '1996-08-18', '666666777', TRUE),
(13, 'user11@gymsolucar.com', 'user11', '$2a$12$UJP./LcYc9DG7ODbIt2upebb5CqZbXrY2pPHYxe39ND/pOjb0tL/G', 'User', 'Once', '1990-12-01', '666888999', TRUE),
(14, 'user12@gymsolucar.com', 'user12', '$2a$12$UJP./LcYc9DG7ODbIt2upebb5CqZbXrY2pPHYxe39ND/pOjb0tL/G', 'User', 'Doce', '1992-05-22', '666000111', TRUE),
(15, 'user13@gymsolucar.com', 'user13', '$2a$12$UJP./LcYc9DG7ODbIt2upebb5CqZbXrY2pPHYxe39ND/pOjb0tL/G', 'User', 'Trece', '1987-03-14', '666222444', TRUE),
(16, 'user14@gymsolucar.com', 'user14', '$2a$12$UJP./LcYc9DG7ODbIt2upebb5CqZbXrY2pPHYxe39ND/pOjb0tL/G', 'User', 'Catorce', '1995-07-09', '666444666', TRUE),
(17, 'user15@gymsolucar.com', 'user15', '$2a$12$UJP./LcYc9DG7ODbIt2upebb5CqZbXrY2pPHYxe39ND/pOjb0tL/G', 'User', 'Quince', '1993-10-27', '666666888', TRUE),
(18, 'user16@gymsolucar.com', 'user16', '$2a$12$UJP./LcYc9DG7ODbIt2upebb5CqZbXrY2pPHYxe39ND/pOjb0tL/G', 'User', 'Dieciseis', '1991-01-03', '666888000', TRUE),
(19, 'user17@gymsolucar.com', 'user17', '$2a$12$UJP./LcYc9DG7ODbIt2upebb5CqZbXrY2pPHYxe39ND/pOjb0tL/G', 'User', 'Diecisiete', '1989-05-16', '666111333', TRUE),
(20, 'user18@gymsolucar.com', 'user18', '$2a$12$UJP./LcYc9DG7ODbIt2upebb5CqZbXrY2pPHYxe39ND/pOjb0tL/G', 'User', 'Dieciocho', '1994-09-21', '666333555', TRUE),
(21, 'user19@gymsolucar.com', 'user19', '$2a$12$UJP./LcYc9DG7ODbIt2upebb5CqZbXrY2pPHYxe39ND/pOjb0tL/G', 'User', 'Diecinueve', '1996-02-07', '666555777', TRUE),
(22, 'user20@gymsolucar.com', 'user20', '$2a$12$UJP./LcYc9DG7ODbIt2upebb5CqZbXrY2pPHYxe39ND/pOjb0tL/G', 'User', 'Veinte', '1990-06-14', '666777999', TRUE),
(23, 'user21@gymsolucar.com', 'user21', '$2a$12$UJP./LcYc9DG7ODbIt2upebb5CqZbXrY2pPHYxe39ND/pOjb0tL/G', 'User', 'Veintiuno', '1992-11-29', '666000222', TRUE),
(24, 'user22@gymsolucar.com', 'user22', '$2a$12$UJP./LcYc9DG7ODbIt2upebb5CqZbXrY2pPHYxe39ND/pOjb0tL/G', 'User', 'Veintidos', '1988-04-08', '666222444', TRUE),
(25, 'user23@gymsolucar.com', 'user23', '$2a$12$UJP./LcYc9DG7ODbIt2upebb5CqZbXrY2pPHYxe39ND/pOjb0tL/G', 'User', 'Veintitres', '1995-08-13', '666444666', TRUE),
(26, 'user24@gymsolucar.com', 'user24', '$2a$12$UJP./LcYc9DG7ODbIt2upebb5CqZbXrY2pPHYxe39ND/pOjb0tL/G', 'User', 'Veinticuatro', '1993-12-19', '666666888', TRUE),
(27, 'user25@gymsolucar.com', 'user25', '$2a$12$UJP./LcYc9DG7ODbIt2upebb5CqZbXrY2pPHYxe39ND/pOjb0tL/G', 'User', 'Veinticinco', '1991-03-25', '666888000', TRUE),
(28, 'user26@gymsolucar.com', 'user26', '$2a$12$UJP./LcYc9DG7ODbIt2upebb5CqZbXrY2pPHYxe39ND/pOjb0tL/G', 'User', 'Veintiseis', '1989-07-30', '666111333', TRUE),
(29, 'user27@gymsolucar.com', 'user27', '$2a$12$UJP./LcYc9DG7ODbIt2upebb5CqZbXrY2pPHYxe39ND/pOjb0tL/G', 'User', 'Veintisiete', '1994-10-04', '666333555', TRUE),
(30, 'user28@gymsolucar.com', 'user28', '$2a$12$UJP./LcYc9DG7ODbIt2upebb5CqZbXrY2pPHYxe39ND/pOjb0tL/G', 'User', 'Veintiocho', '1996-01-09', '666555777', TRUE),
(31, 'user29@gymsolucar.com', 'user29', '$2a$12$UJP./LcYc9DG7ODbIt2upebb5CqZbXrY2pPHYxe39ND/pOjb0tL/G', 'User', 'Veintinueve', '1990-05-15', '666777999', TRUE),
(32, 'user30@gymsolucar.com', 'user30', '$2a$12$UJP./LcYc9DG7ODbIt2upebb5CqZbXrY2pPHYxe39ND/pOjb0tL/G', 'User', 'Treinta', '1992-09-20', '666000222', TRUE),
(33, 'user31@gymsolucar.com', 'user31', '$2a$12$UJP./LcYc9DG7ODbIt2upebb5CqZbXrY2pPHYxe39ND/pOjb0tL/G', 'User', 'Treintayuno', '1988-02-25', '666222444', TRUE),
(34, 'user32@gymsolucar.com', 'user32', '$2a$12$UJP./LcYc9DG7ODbIt2upebb5CqZbXrY2pPHYxe39ND/pOjb0tL/G', 'User', 'Treintaydos', '1995-06-30', '666444666', TRUE);

INSERT IGNORE INTO usuario_roles (id_usuario, id_rol) VALUES
(1, 1),
(2, 2),
(3, 3),
(4, 3),
(5, 3),
(6, 3),
(7, 3),
(8, 3),
(9, 3),
(10, 3),
(11, 3),
(12, 3),
(13, 3),
(14, 3),
(15, 3),
(16, 3),
(17, 3),
(18, 3),
(19, 3),
(20, 3),
(21, 3),
(22, 3),
(23, 3),
(24, 3),
(25, 3),
(26, 3),
(27, 3),
(28, 3),
(29, 3),
(30, 3),
(31, 3),
(32, 3),
(33, 3),
(34, 3);

INSERT IGNORE INTO clases (id, nombre_clase, descripcion, dia_semana, hora_inicio, hora_fin, aforo_maximo) VALUES
(1, 'SPINNING', 'Clase de spinning en bicicleta estática', 'Lunes', '09:00', '10:30', 20),
(2, 'SPINNING', 'Clase de spinning en bicicleta estática', 'Martes', '17:30', '19:00', 20),
(3, 'SPINNING', 'Clase de spinning en bicicleta estática', 'Miércoles', '12:00', '13:00', 20),
(4, 'SPINNING', 'Clase de spinning en bicicleta estática', 'Jueves', '10:30', '12:00', 20),
(5, 'SPINNING', 'Clase de spinning en bicicleta estática', 'Viernes', '16:00', '17:30', 20),
(6, 'PILATES', 'Clase de pilates para cuerpo y mente', 'Lunes', '10:30', '12:00', 20),
(7, 'PILATES', 'Clase de pilates para cuerpo y mente', 'Martes', '19:00', '20:30', 20),
(8, 'PILATES', 'Clase de pilates para cuerpo y mente', 'Miércoles', '16:00', '17:30', 20),
(9, 'PILATES', 'Clase de pilates para cuerpo y mente', 'Jueves', '09:00', '10:30', 20),
(10, 'PILATES', 'Clase de pilates para cuerpo y mente', 'Viernes', '17:30', '19:00', 20),
(11, 'BOXEO', 'Entrenamiento de boxeo intenso', 'Lunes', '16:00', '17:30', 20),
(12, 'BOXEO', 'Entrenamiento de boxeo intenso', 'Martes', '09:00', '10:30', 20),
(13, 'BOXEO', 'Entrenamiento de boxeo intenso', 'Miércoles', '17:30', '19:00', 20),
(14, 'BOXEO', 'Entrenamiento de boxeo intenso', 'Jueves', '12:00', '13:00', 20),
(15, 'BOXEO', 'Entrenamiento de boxeo intenso', 'Viernes', '12:00', '13:00', 20),
(16, 'ZUMBA', 'Clase de zumba divertida', 'Lunes', '12:00', '13:00', 20),
(17, 'ZUMBA', 'Clase de zumba divertida', 'Martes', '16:00', '17:30', 20),
(18, 'ZUMBA', 'Clase de zumba divertida', 'Miércoles', '10:30', '12:00', 20),
(19, 'ZUMBA', 'Clase de zumba divertida', 'Jueves', '17:30', '19:00', 20),
(20, 'ZUMBA', 'Clase de zumba divertida', 'Viernes', '09:00', '10:30', 20),
(21, 'CROSSFIT', 'Entrenamiento funcional crossfit', 'Lunes', '17:30', '19:00', 20),
(22, 'CROSSFIT', 'Entrenamiento funcional crossfit', 'Martes', '10:30', '12:00', 20),
(23, 'CROSSFIT', 'Entrenamiento funcional crossfit', 'Miércoles', '09:00', '10:30', 20),
(24, 'CROSSFIT', 'Entrenamiento funcional crossfit', 'Jueves', '19:00', '20:30', 20),
(25, 'CROSSFIT', 'Entrenamiento funcional crossfit', 'Viernes', '19:00', '20:30', 20),
(26, 'YOGA', 'Clase de yoga relajante', 'Lunes', '19:00', '20:30', 20),
(27, 'YOGA', 'Clase de yoga relajante', 'Martes', '12:00', '13:00', 20),
(28, 'YOGA', 'Clase de yoga relajante', 'Miércoles', '19:00', '20:30', 20),
(29, 'YOGA', 'Clase de yoga relajante', 'Viernes', '10:30', '12:00', 20);

INSERT IGNORE INTO grupos_musculares (id, nombre) VALUES
(1, 'Pecho'),
(2, 'Espalda'),
(3, 'Hombros'),
(4, 'Tríceps'),
(5, 'Bíceps'),
(6, 'Cuádriceps'),
(7, 'Femorales'),
(8, 'Gemelos'),
(9, 'Core'),
(10, 'HIIT/Cardio');

INSERT IGNORE INTO ejercicios (id, nombre, descripcion, imagen_url, id_grupo) VALUES
(1, 'Press Inclinado', 'Ejercicio para trabajar el pectoral superior', '/assets/Press inclinado inicio.png', 1),
(2, 'Press Banca', 'Ejercicio clásico para el pecho', '/assets/Press banca inicio.png', 1),
(3, 'Aperturas de Pectoral en Poleas', 'Ejercicio de aislamiento para el pecho', '/assets/Aperturas pectoral inicio.png', 1),
(4, 'Peck Deck', 'Ejercicio en máquina para el pecho', '/assets/Peck deck inicio.png', 1),
(5, 'Flexión', 'Ejercicio con peso corporal para el pecho', '/assets/Flexiones inicio.png', 1),
(6, 'Remo con Barra', 'Ejercicio para la espalda alta', '/assets/Remo barra inicio.png', 2),
(7, 'Jalón al Pecho', 'Ejercicio para los dorsales', '/assets/Jalon pecho inicio.png', 2),
(8, 'Remo en Polea', 'Ejercicio para la espalda media', '/assets/Remo polea inicio.png', 2),
(9, 'Extensión Lumbar', 'Ejercicio para la zona lumbar', '/assets/Extension lumbar inicio.png', 2),
(10, 'Press Militar', 'Ejercicio para hombros', '/assets/Press militar inicio.png', 3),
(11, 'Elevaciones Laterales', 'Ejercicio para deltoides laterales', '/assets/Elevaciones laterales inicio.png', 3),
(12, 'Aperturas Inversa', 'Ejercicio para deltoides posteriores', '/assets/Aperturas inversa inicio.png', 3),
(13, 'Tirón Frontal', 'Ejercicio para hombros en máquina', '/assets/Tiron frontal inicio.png', 3),
(14, 'Flexión Tríceps', 'Ejercicio para tríceps en polea', '/assets/Flexion triceps inicio.png', 4),
(15, 'Extensión de Tríceps por Detrás de la Cabeza', 'Ejercicio para tríceps con mancuerna', '/assets/Extension triceps cabeza inicio.png', 4),
(16, 'Tirón Hacia Atrás de Tríceps', 'Ejercicio para tríceps con apoyo', '/assets/Tiron hacia atras triceps inicio.png', 4),
(17, 'Curl Bíceps', 'Ejercicio clásico para bíceps', '/assets/Curl biceps inicio.png', 5),
(18, 'Curl Martillo', 'Ejercicio para bíceps y antebrazos', '/assets/Curl martillo inicio.png', 5),
(19, 'Curl Predicador', 'Ejercicio para bíceps en banco', '/assets/Curl predicador inicio.png', 5),
(20, 'Curl Bayesian', 'Ejercicio para bíceps en banco inclinado', '/assets/Curl bayesian inicio.png', 5),
(21, 'Sentadilla con Barra', 'Ejercicio para cuádriceps', '/assets/Sentadilla barra inicio.png', 6),
(22, 'Sentadilla Hack', 'Ejercicio para cuádriceps en máquina', '/assets/Sentadilla hack inicio.png', 6),
(23, 'Prensa de Piernas', 'Ejercicio para cuádriceps en máquina', '/assets/Prensa piernas inicio.png', 6),
(24, 'Extensión de Cuádriceps en Máquina', 'Ejercicio de aislamiento para cuádriceps', '/assets/Extension cuadriceps inicio.png', 6),
(25, 'Curl Femoral en Máquina Acostado', 'Ejercicio para femorales', '/assets/Curl femoral inicio.png', 7),
(26, 'Peso Muerto Rumano', 'Ejercicio para femorales y glúteos', '/assets/Peso muerto rumano inicio.png', 7),
(27, 'Hip Thrust', 'Ejercicio para femorales y glúteos', '/assets/Hip thrust inicio.png', 7),
(28, 'Elevación de Gemelos de Pie en Máquina', 'Ejercicio para gemelos', '/assets/Elevacion gemelos de pie inicio.png', 8),
(29, 'Elevación de Gemelos Sentado en Máquina', 'Ejercicio para gemelos', '/assets/Elevaciones gemelos sentado inicio.png', 8),
(30, 'Elevación de Gemelos en Prensa de Piernas', 'Ejercicio para gemelos', '/assets/Elevacion gemelos prensa inicio.png', 8),
(31, 'Plancha Frontal', 'Ejercicio para el core', '/assets/Plancha frontal.png', 9),
(32, 'Toques al Talón', 'Ejercicio para el core', '/assets/Toques talon inicio.png', 9),
(33, 'Crunches', 'Ejercicio para el core', '/assets/Crunches inicio.png', 9),
(34, 'Plancha Lateral', 'Ejercicio para el core', '/assets/Plancha lateral.png', 9),
(35, 'Burpees', 'Ejercicio de alta intensidad', '/assets/Burpees inicio.png', 10),
(36, 'Mountain Climbers', 'Ejercicio de alta intensidad', '/assets/Mountain climbers inicio.png', 10),
(37, 'High Knees', 'Ejercicio de alta intensidad', '/assets/High knees inicio.png', 10),
(38, 'Jump Squats', 'Ejercicio de alta intensidad', '/assets/Jump squats inicio.png', 10);

INSERT IGNORE INTO progreso (id, id_usuario, actividad, fecha, puntos) VALUES
-- Usuario 3 (user)
(1, 3, 'Acudir al gimnasio', '2025-05-01', 50),
(2, 3, 'Acudir a una clase', '2025-05-02', 30),
(3, 3, 'Completar una rutina', '2025-05-03', 50),
(4, 3, '5 entrenamientos a la semana', '2025-05-04', 50),
(5, 3, 'Acudir al gimnasio', '2025-05-05', 50),
(46, 3, 'Participar en un reto', '2025-05-06', 40),
(47, 3, 'Asistir a un taller', '2025-05-07', 35),
(48, 3, 'Lograr un récord personal', '2025-05-08', 45),
(49, 3, 'Completar una rutina', '2025-05-09', 50),
(50, 3, 'Acudir a una clase', '2025-05-10', 30),
(51, 3, 'Acudir al gimnasio', '2025-05-11', 50),
(6, 4, 'Acudir al gimnasio', '2025-05-01', 50),
(57, 4, '5 entrenamientos a la semana', '2025-05-04', 50),
(58, 4, 'Participar en un reto', '2025-05-05', 40),
(59, 4, 'Asistir a un taller', '2025-05-06', 35),
(60, 4, 'Lograr un récord personal', '2025-05-07', 45),
(61, 4, 'Acudir al gimnasio', '2025-05-08', 50),
(62, 4, 'Acudir a una clase', '2025-05-09', 30),
(63, 4, 'Completar una rutina', '2025-05-10', 50),
(64, 4, '5 entrenamientos a la semana', '2025-05-11', 50),
(65, 4, 'Participar en un reto', '2025-05-12', 40),
(66, 4, 'Asistir a un taller', '2025-05-13', 35),
(67, 4, 'Lograr un récord personal', '2025-05-14', 45),
(68, 4, 'Acudir al gimnasio', '2025-05-15', 50),
(69, 5, '5 entrenamientos a la semana', '2025-05-04', 50),
(70, 5, 'Participar en un reto', '2025-05-05', 40),
(71, 5, 'Asistir a un taller', '2025-05-06', 35),
(72, 5, 'Lograr un récord personal', '2025-05-07', 45),
(73, 5, 'Acudir al gimnasio', '2025-05-08', 50),
(74, 5, 'Acudir a una clase', '2025-05-09', 30),
(75, 5, 'Completar una rutina', '2025-05-10', 50),
(76, 5, '5 entrenamientos a la semana', '2025-05-11', 50),
(77, 5, 'Participar en un reto', '2025-05-12', 40),
(78, 5, 'Asistir a un taller', '2025-05-13', 35),
(79, 5, 'Lograr un récord personal', '2025-05-14', 45),
(80, 5, 'Acudir al gimnasio', '2025-05-15', 50),
(11, 6, 'Acudir al gimnasio', '2025-05-01', 50),
(12, 6, '5 entrenamientos a la semana', '2025-05-02', 50),
(81, 6, 'Acudir a una clase', '2025-05-03', 30),
(84, 6, 'Asistir a un taller', '2025-05-06', 35),
(85, 6, 'Lograr un récord personal', '2025-05-07', 45),
(86, 6, 'Acudir al gimnasio', '2025-05-08', 50),
(87, 6, 'Acudir a una clase', '2025-05-09', 30),
(88, 6, 'Completar una rutina', '2025-05-10', 50),
(89, 6, '5 entrenamientos a la semana', '2025-05-11', 50),
(90, 6, 'Participar en un reto', '2025-05-12', 40),
(91, 6, 'Asistir a un taller', '2025-05-13', 35),
(93, 6, 'Acudir al gimnasio', '2025-05-15', 50),
(94, 7, 'Acudir al gimnasio', '2025-05-01', 50),
(95, 7, 'Acudir a una clase', '2025-05-02', 30),
(97, 7, '5 entrenamientos a la semana', '2025-05-04', 50),
(98, 7, 'Participar en un reto', '2025-05-05', 40),
(99, 7, 'Asistir a un taller', '2025-05-06', 35),
(100, 7, 'Lograr un récord personal', '2025-05-07', 45),
(101, 7, 'Acudir al gimnasio', '2025-05-08', 50),
(104, 7, '5 entrenamientos a la semana', '2025-05-11', 50),
(105, 7, 'Participar en un reto', '2025-05-12', 40),
(106, 7, 'Asistir a un taller', '2025-05-13', 35),
(109, 8, 'Acudir al gimnasio', '2025-05-01', 50),
(110, 8, 'Acudir a una clase', '2025-05-02', 30),
(111, 8, 'Completar una rutina', '2025-05-03', 50),
(112, 8, '5 entrenamientos a la semana', '2025-05-04', 50),
(113, 8, 'Participar en un reto', '2025-05-05', 40),
(114, 8, 'Asistir a un taller', '2025-05-06', 35),
(115, 8, 'Lograr un récord personal', '2025-05-07', 45),
(116, 8, 'Acudir al gimnasio', '2025-05-08', 50),
(117, 8, 'Acudir a una clase', '2025-05-09', 30),
(119, 8, '5 entrenamientos a la semana', '2025-05-11', 50),
(120, 8, 'Participar en un reto', '2025-05-12', 40),
(123, 8, 'Acudir al gimnasio', '2025-05-15', 50),
(124, 9, 'Acudir al gimnasio', '2025-05-01', 50),
(125, 9, 'Acudir a una clase', '2025-05-02', 30),
(126, 9, 'Completar una rutina', '2025-05-03', 50),
(127, 9, '5 entrenamientos a la semana', '2025-05-04', 50),
(128, 9, 'Participar en un reto', '2025-05-05', 40),
(129, 9, 'Asistir a un taller', '2025-05-06', 35),
(132, 9, 'Acudir a una clase', '2025-05-09', 30),
(133, 9, 'Completar una rutina', '2025-05-10', 50),
(134, 9, '5 entrenamientos a la semana', '2025-05-11', 50),
(137, 9, 'Lograr un récord personal', '2025-05-14', 45),
(138, 9, 'Acudir al gimnasio', '2025-05-15', 50),
(139, 10, 'Acudir al gimnasio', '2025-05-01', 50),
(144, 10, 'Asistir a un taller', '2025-05-06', 35),
(145, 10, 'Lograr un récord personal', '2025-05-07', 45),
(152, 10, 'Lograr un récord personal', '2025-05-14', 45),
(153, 10, 'Acudir al gimnasio', '2025-05-15', 50),
(154, 11, 'Acudir al gimnasio', '2025-05-01', 50),
(155, 11, 'Acudir a una clase', '2025-05-02', 30),
(156, 11, 'Completar una rutina', '2025-05-03', 50),
(168, 11, 'Acudir al gimnasio', '2025-05-15', 50),
(169, 12, 'Acudir al gimnasio', '2025-05-01', 50),
(170, 12, 'Acudir a una clase', '2025-05-02', 30),
(172, 12, '5 entrenamientos a la semana', '2025-05-04', 50),
(173, 12, 'Participar en un reto', '2025-05-05', 40),
(182, 12, 'Lograr un récord personal', '2025-05-14', 45),
(183, 12, 'Acudir al gimnasio', '2025-05-15', 50),
(184, 13, 'Acudir al gimnasio', '2025-05-01', 50),
(185, 13, 'Acudir a una clase', '2025-05-02', 30),
(186, 13, 'Completar una rutina', '2025-05-03', 50),
(187, 13, '5 entrenamientos a la semana', '2025-05-04', 50),
(188, 13, 'Participar en un reto', '2025-05-05', 40),
(196, 13, 'Asistir a un taller', '2025-05-13', 35),
(199, 14, 'Acudir al gimnasio', '2025-05-01', 50),
(200, 14, 'Acudir a una clase', '2025-05-02', 30),
(201, 14, 'Completar una rutina', '2025-05-03', 50),
(211, 14, 'Asistir a un taller', '2025-05-13', 35),
(212, 14, 'Lograr un récord personal', '2025-05-14', 45),
(213, 14, 'Acudir al gimnasio', '2025-05-15', 50),
(214, 15, 'Acudir al gimnasio', '2025-05-01', 50),
(215, 15, 'Acudir a una clase', '2025-05-02', 30),
(216, 15, 'Completar una rutina', '2025-05-03', 50),
(217, 15, '5 entrenamientos a la semana', '2025-05-04', 50),
(218, 15, 'Participar en un reto', '2025-05-05', 40),
(228, 15, 'Acudir al gimnasio', '2025-05-15', 50),
(229, 16, 'Acudir al gimnasio', '2025-05-01', 50),
(242, 16, 'Lograr un récord personal', '2025-05-14', 45),
(244, 17, 'Acudir al gimnasio', '2025-05-01', 50),
(258, 17, 'Acudir al gimnasio', '2025-05-15', 50),
(259, 18, 'Acudir al gimnasio', '2025-05-01', 50),
(260, 18, 'Acudir a una clase', '2025-05-02', 30),
(273, 18, 'Acudir al gimnasio', '2025-05-15', 50),
(274, 19, 'Acudir al gimnasio', '2025-05-01', 50),
(275, 19, 'Acudir a una clase', '2025-05-02', 30),
(289, 20, 'Acudir al gimnasio', '2025-05-01', 50),
(290, 20, 'Acudir a una clase', '2025-05-02', 30),
(291, 20, 'Completar una rutina', '2025-05-03', 50),
(300, 20, 'Participar en un reto', '2025-05-12', 40),
(301, 20, 'Asistir a un taller', '2025-05-13', 35),
(303, 20, 'Acudir al gimnasio', '2025-05-15', 50),
(304, 21, 'Acudir al gimnasio', '2025-05-01', 50),
(305, 21, 'Acudir a una clase', '2025-05-02', 30),
(306, 21, 'Completar una rutina', '2025-05-03', 50),
(316, 21, 'Asistir a un taller', '2025-05-13', 35),
(317, 21, 'Lograr un récord personal', '2025-05-14', 45),
(318, 21, 'Acudir al gimnasio', '2025-05-15', 50),
(319, 22, 'Acudir al gimnasio', '2025-05-01', 50),
(320, 22, 'Acudir a una clase', '2025-05-02', 30),
(321, 22, 'Completar una rutina', '2025-05-03', 50),
(324, 22, 'Asistir a un taller', '2025-05-06', 35),
(328, 22, 'Completar una rutina', '2025-05-10', 50),
(332, 22, 'Lograr un récord personal', '2025-05-14', 45),
(333, 22, 'Acudir al gimnasio', '2025-05-15', 50),
(334, 23, 'Acudir al gimnasio', '2025-05-01', 50),
(335, 23, 'Acudir a una clase', '2025-05-02', 30),
(336, 23, 'Completar una rutina', '2025-05-03', 50),
(337, 23, '5 entrenamientos a la semana', '2025-05-04', 50),
(345, 23, 'Participar en un reto', '2025-05-12', 40),
(348, 23, 'Acudir al gimnasio', '2025-05-15', 50),
(349, 24, 'Acudir al gimnasio', '2025-05-01', 50),
(350, 24, 'Acudir a una clase', '2025-05-02', 30),
(351, 24, 'Completar una rutina', '2025-05-03', 50),
(364, 25, 'Acudir al gimnasio', '2025-05-01', 50),
(365, 25, 'Acudir a una clase', '2025-05-02', 30),
(376, 25, 'Asistir a un taller', '2025-05-13', 35),
(377, 25, 'Lograr un récord personal', '2025-05-14', 45),
(378, 25, 'Acudir al gimnasio', '2025-05-15', 50),
(379, 26, 'Acudir al gimnasio', '2025-05-01', 50),
(380, 26, 'Acudir a una clase', '2025-05-02', 30),
(381, 26, 'Completar una rutina', '2025-05-03', 50),
(382, 26, '5 entrenamientos a la semana', '2025-05-04', 50),
(391, 26, 'Asistir a un taller', '2025-05-13', 35),
(392, 26, 'Lograr un récord personal', '2025-05-14', 45),
(393, 26, 'Acudir al gimnasio', '2025-05-15', 50),
(394, 27, 'Acudir al gimnasio', '2025-05-01', 50),
(395, 27, 'Acudir a una clase', '2025-05-02', 30),
(396, 27, 'Completar una rutina', '2025-05-03', 50),
(397, 27, '5 entrenamientos a la semana', '2025-05-04', 50),
(402, 27, 'Acudir a una clase', '2025-05-09', 30),
(403, 27, 'Completar una rutina', '2025-05-10', 50),
(404, 27, '5 entrenamientos a la semana', '2025-05-11', 50),
(405, 27, 'Participar en un reto', '2025-05-12', 40),
(406, 27, 'Asistir a un taller', '2025-05-13', 35),
(407, 27, 'Lograr un récord personal', '2025-05-14', 45),
(408, 27, 'Acudir al gimnasio', '2025-05-15', 50),
(409, 27, 'Acudir a una clase', '2025-05-16', 30),
(410, 27, 'Completar una rutina', '2025-05-17', 50),
(413, 27, 'Asistir a un taller', '2025-05-20', 35),
(414, 27, 'Lograr un récord personal', '2025-05-21', 45),
(415, 28, 'Acudir al gimnasio', '2025-05-01', 50),
(416, 28, 'Acudir a una clase', '2025-05-02', 30),
(421, 28, 'Lograr un récord personal', '2025-05-07', 45),
(422, 28, 'Acudir al gimnasio', '2025-05-08', 50),
(423, 28, 'Acudir a una clase', '2025-05-09', 30),
(424, 28, 'Completar una rutina', '2025-05-10', 50),
(425, 28, '5 entrenamientos a la semana', '2025-05-11', 50),
(426, 28, 'Participar en un reto', '2025-05-12', 40),
(429, 28, 'Acudir al gimnasio', '2025-05-15', 50),
(430, 29, 'Acudir al gimnasio', '2025-05-01', 50),
(431, 29, 'Acudir a una clase', '2025-05-02', 30),
(432, 29, 'Completar una rutina', '2025-05-03', 50),
(442, 29, 'Asistir a un taller', '2025-05-13', 35),
(443, 29, 'Lograr un récord personal', '2025-05-14', 45),
(444, 29, 'Acudir al gimnasio', '2025-05-15', 50),
(445, 30, 'Acudir al gimnasio', '2025-05-01', 50),
(446, 30, 'Acudir a una clase', '2025-05-02', 30),
(447, 30, 'Completar una rutina', '2025-05-03', 50),
(454, 30, 'Completar una rutina', '2025-05-10', 50),
(455, 30, '5 entrenamientos a la semana', '2025-05-11', 50),
(456, 30, 'Participar en un reto', '2025-05-12', 40),
(457, 30, 'Asistir a un taller', '2025-05-13', 35),
(458, 30, 'Lograr un récord personal', '2025-05-14', 45),
(459, 30, 'Acudir al gimnasio', '2025-05-15', 50),
(460, 31, 'Acudir al gimnasio', '2025-05-01', 50),
(461, 31, 'Acudir a una clase', '2025-05-02', 30),
(462, 31, 'Completar una rutina', '2025-05-03', 50),
(463, 31, '5 entrenamientos a la semana', '2025-05-04', 50),
(464, 31, 'Participar en un reto', '2025-05-05', 40),
(465, 31, 'Asistir a un taller', '2025-05-06', 35),
(466, 31, 'Lograr un récord personal', '2025-05-07', 45),
(467, 31, 'Acudir al gimnasio', '2025-05-08', 50),
(468, 31, 'Acudir a una clase', '2025-05-09', 30),
(469, 31, 'Completar una rutina', '2025-05-10', 50),
(470, 31, '5 entrenamientos a la semana', '2025-05-11', 50),
(471, 31, 'Participar en un reto', '2025-05-12', 40),
(475, 32, 'Acudir al gimnasio', '2025-05-01', 50),
(476, 32, 'Acudir a una clase', '2025-05-02', 30),
(477, 32, 'Completar una rutina', '2025-05-03', 50),
(478, 32, '5 entrenamientos a la semana', '2025-05-04', 50),
(479, 32, 'Participar en un reto', '2025-05-05', 40),
(480, 32, 'Asistir a un taller', '2025-05-06', 35),
(481, 32, 'Lograr un récord personal', '2025-05-07', 45),
(482, 32, 'Acudir al gimnasio', '2025-05-08', 50),
(483, 32, 'Acudir a una clase', '2025-05-09', 30),
(484, 32, 'Completar una rutina', '2025-05-10', 50),
(485, 32, '5 entrenamientos a la semana', '2025-05-11', 50),
(486, 32, 'Participar en un reto', '2025-05-12', 40),
(487, 32, 'Asistir a un taller', '2025-05-13', 35),
(489, 32, 'Acudir al gimnasio', '2025-05-15', 50),
(490, 33, 'Acudir al gimnasio', '2025-05-01', 50),
(491, 33, 'Acudir a una clase', '2025-05-02', 30),
(492, 33, 'Completar una rutina', '2025-05-03', 50),
(493, 33, '5 entrenamientos a la semana', '2025-05-04', 50),
(495, 33, 'Asistir a un taller', '2025-05-06', 35),
(496, 33, 'Lograr un récord personal', '2025-05-07', 45),
(497, 33, 'Acudir al gimnasio', '2025-05-08', 50),
(498, 33, 'Acudir a una clase', '2025-05-09', 30),
(499, 33, 'Completar una rutina', '2025-05-10', 50),
(500, 33, '5 entrenamientos a la semana', '2025-05-11', 50),
(501, 33, 'Participar en un reto', '2025-05-12', 40),
(502, 33, 'Asistir a un taller', '2025-05-13', 35),
(503, 33, 'Lograr un récord personal', '2025-05-14', 45),
(504, 33, 'Acudir al gimnasio', '2025-05-15', 50),
(505, 34, 'Acudir al gimnasio', '2025-05-01', 50),
(506, 34, 'Acudir a una clase', '2025-05-02', 30),
(507, 34, 'Completar una rutina', '2025-05-03', 50),
(508, 34, '5 entrenamientos a la semana', '2025-05-04', 50),
(509, 34, 'Participar en un reto', '2025-05-05', 40),
(510, 34, 'Asistir a un taller', '2025-05-06', 35),
(511, 34, 'Lograr un récord personal', '2025-05-07', 45),
(512, 34, 'Acudir al gimnasio', '2025-05-08', 50),
(516, 34, 'Participar en un reto', '2025-05-12', 40),
(517, 34, 'Asistir a un taller', '2025-05-13', 35),
(518, 34, 'Lograr un récord personal', '2025-05-14', 45),
(519, 34, 'Acudir al gimnasio', '2025-05-15', 50);